540,1040,676,162,0,0,2.5,28,7
540,1055,676,162,0,0,2.5,28,6
332.5,932,594,228,142.5,0,0,270,4
332.5,932,594,228,142.5,0,0,365,4
198.6,978.4,825.5,192,132.4,0,0,360,4
266,932,670,228,114,0,0,90,4
380,932,594,228,95,0,0,365,4
380,932,594,228,95,0,0,28,3
266,932,670,228,114,0,0,28,4
475,932,594,228,0,0,0,28,3
198.6,978.4,825.5,192,132.4,0,0,90,3
198.6,978.4,825.5,192,132.4,0,0,28,2
427.5,932,594,228,47.5,0,0,270,4
190,932,670,228,190,0,0,90,4
304,932,670,228,76,0,0,28,4
380,932,670,228,0,0,0,90,5
139.6,1047,806.9,192,209.4,0,0,90,3
342,932,670,228,38,0,0,365,5
380,932,594,228,95,0,0,90,4
475,932,594,228,0,0,0,180,4
427.5,932,594,228,47.5,0,0,180,4
139.6,1047,806.9,192,209.4,0,0,28,2
139.6,1047,806.9,192,209.4,0,0,3,0
139.6,1047,806.9,192,209.4,0,0,180,4
380,932,670,228,0,0,0,365,5
380,932,670,228,0,0,0,270,5
380,932,594,228,95,0,0,270,4
342,932,670,228,38,0,0,180,5
427.5,932,594,228,47.5,0,0,28,3
475,932,594,228,0,0,0,7,3
304,932,670,228,76,0,0,365,5
266,932,670,228,114,0,0,365,5
198.6,978.4,825.5,192,132.4,0,0,180,4
475,932,594,228,0,0,0,270,4
190,932,670,228,190,0,0,365,5
237.5,932,594,228,237.5,0,0,270,3
237.5,932,594,228,237.5,0,0,28,3
332.5,932,594,228,142.5,0,0,90,3
475,932,594,228,0,0,0,90,4
237.5,932,594,228,237.5,0,0,180,3
342,932,670,228,38,0,0,90,5
427.5,932,594,228,47.5,0,0,365,4
237.5,932,594,228,237.5,0,0,365,3
380,932,670,228,0,0,0,180,5
427.5,932,594,228,47.5,0,0,90,4
427.5,932,594,228,47.5,0,0,7,3
349,1047,806.9,192,0,0,0,3,1
380,932,594,228,95,0,0,180,4
237.5,932,594,228,237.5,0,0,7,2
380,932,594,228,95,0,0,7,3
332.5,932,594,228,142.5,0,0,180,3
190,932,670,228,190,0,0,180,4
237.5,932,594,228,237.5,0,0,90,3
304,932,670,228,76,0,0,90,4
139.6,1047,806.9,192,209.4,0,0,7,1
198.6,978.4,825.5,192,132.4,0,0,7,1
475,932,594,228,0,0,0,365,4
198.6,978.4,825.5,192,132.4,0,0,3,0
304,932,670,228,76,0,0,180,5
332.5,932,594,228,142.5,0,0,28,3
304,932,670,228,76,0,0,270,5
266,932,670,228,114,0,0,270,5
310,971,850.6,192,0,0,0,3,0
190,932,670,228,190,0,0,270,5
266,932,670,228,114,0,0,180,4
342,932,670,228,38,0,0,270,5
139.6,1047,806.9,192,209.4,0,0,360,4
332.5,932,594,228,142.5,0,0,7,3
190,932,670,228,190,0,0,28,4
485,1120,800,146,0,0,0,28,7
374,926.1,756.7,170.1,189.2,0,10.1,3,3
313.3,1046.9,611.8,175.5,262.2,0,8.6,3,2
425,852.1,887.1,153.5,106.3,0,16.5,3,3
425,936,803.7,151.4,106.3,0,18.6,3,3
375,852.1,992.6,126.6,93.8,0,23.4,3,2
475,852.1,781.5,181.1,118.8,0,8.9,3,3
469,852.1,840.5,137.8,117.2,0,32.2,3,4
425,852.1,887.1,153.5,106.3,0,16.5,3,3
388.6,852.1,925.7,157.9,97.1,0,12.1,3,2
531.3,852.1,893.7,141.8,0,0,28.2,3,4
425,852.1,887.1,153.5,106.3,0,16.5,3,3
318.8,852.1,880.4,155.7,212.5,0,14.3,3,2
401.8,946.8,852.1,147.4,94.7,0,11.4,3,4
362.6,944.7,755.8,164.9,189,0,11.6,3,3
323.7,942.7,659.9,183.8,282.8,0,10.3,3,2
379.5,1134.3,605,153.9,151.2,0,15.9,3,2
362.6,944.7,755.8,164.9,189,0,11.6,3,3
286.3,1004.6,803.7,144.7,200.9,0,11.2,3,2
362.6,944.7,755.8,164.9,189,0,11.6,3,3
439,884.9,707.9,186,177,0,11.1,3,3
389.9,944.7,755.8,145.9,189,0,22,3,4
362.6,944.7,755.8,164.9,189,0,11.6,3,3
337.9,944.7,755.8,174.9,189,0,9.5,3,2
374,926.1,756.7,170.1,189.2,0,10.1,7,4
313.3,1046.9,611.8,175.5,262.2,0,8.6,7,4
425,852.1,887.1,153.5,106.3,0,16.5,7,4
425,936,803.7,151.4,106.3,0,18.6,7,4
375,852.1,992.6,126.6,93.8,0,23.4,7,4
475,852.1,781.5,181.1,118.8,0,8.9,7,5
469,852.1,840.5,137.8,117.2,0,32.2,7,5
425,852.1,887.1,153.5,106.3,0,16.5,7,4
388.6,852.1,925.7,157.9,97.1,0,12.1,7,3
531.3,852.1,893.7,141.8,0,0,28.2,7,4
425,852.1,887.1,153.5,106.3,0,16.5,7,4
318.8,852.1,880.4,155.7,212.5,0,14.3,7,3
401.8,946.8,852.1,147.4,94.7,0,11.4,7,5
362.6,944.7,755.8,164.9,189,0,11.6,7,5
323.7,942.7,659.9,183.8,282.8,0,10.3,7,4
379.5,1134.3,605,153.9,151.2,0,15.9,7,4
362.6,944.7,755.8,164.9,189,0,11.6,7,5
286.3,1004.6,803.7,144.7,200.9,0,11.2,7,3
362.6,944.7,755.8,164.9,189,0,11.6,7,5
439,884.9,707.9,186,177,0,11.1,7,5
389.9,944.7,755.8,145.9,189,0,22,7,5
362.6,944.7,755.8,164.9,189,0,11.6,7,2
337.9,944.7,755.8,174.9,189,0,9.5,7,3
374,926.1,756.7,170.1,189.2,0,10.1,28,6
313.3,1046.9,611.8,175.5,262.2,0,8.6,28,5
425,852.1,887.1,153.5,106.3,0,16.5,28,6
425,936,803.7,151.4,106.3,0,18.6,28,6
375,852.1,992.6,126.6,93.8,0,23.4,28,5
475,852.1,781.5,181.1,118.8,0,8.9,28,6
469,852.1,840.5,137.8,117.2,0,32.2,28,6
425,852.1,887.1,153.5,106.3,0,16.5,28,6
388.6,852.1,925.7,157.9,97.1,0,12.1,28,5
531.3,852.1,893.7,141.8,0,0,28.2,28,5
425,852.1,887.1,153.5,106.3,0,16.5,28,6
318.8,852.1,880.4,155.7,212.5,0,14.3,28,5
401.8,946.8,852.1,147.4,94.7,0,11.4,28,6
362.6,944.7,755.8,164.9,189,0,11.6,28,7
323.7,942.7,659.9,183.8,282.8,0,10.3,28,7
379.5,1134.3,605,153.9,151.2,0,15.9,28,5
362.6,944.7,755.8,164.9,189,0,11.6,28,7
286.3,1004.6,803.7,144.7,200.9,0,11.2,28,6
362.6,944.7,755.8,164.9,189,0,11.6,28,7
439,884.9,707.9,186,177,0,11.1,28,6
389.9,944.7,755.8,145.9,189,0,22,28,7
362.6,944.7,755.8,164.9,189,0,11.6,28,7
337.9,944.7,755.8,174.9,189,0,9.5,28,4
374,926.1,756.7,170.1,189.2,0,10.1,56,6
313.3,1046.9,611.8,175.5,262.2,0,8.6,56,6
425,852.1,887.1,153.5,106.3,0,16.5,56,6
425,936,803.7,151.4,106.3,0,18.6,56,6
375,852.1,992.6,126.6,93.8,0,23.4,56,6
475,852.1,781.5,181.1,118.8,0,8.9,56,7
469,852.1,840.5,137.8,117.2,0,32.2,56,6
425,852.1,887.1,153.5,106.3,0,16.5,56,6
388.6,852.1,925.7,157.9,97.1,0,12.1,56,5
531.3,852.1,893.7,141.8,0,0,28.2,56,5
425,852.1,887.1,153.5,106.3,0,16.5,56,6
318.8,852.1,880.4,155.7,212.5,0,14.3,56,6
401.8,946.8,852.1,147.4,94.7,0,11.4,56,7
362.6,944.7,755.8,164.9,189,0,11.6,56,7
323.7,942.7,659.9,183.8,282.8,0,10.3,56,8
379.5,1134.3,605,153.9,151.2,0,15.9,56,5
362.6,944.7,755.8,164.9,189,0,11.6,56,7
286.3,1004.6,803.7,144.7,200.9,0,11.2,56,7
362.6,944.7,755.8,164.9,189,0,11.6,56,7
439,884.9,707.9,186,177,0,11.1,56,7
389.9,944.7,755.8,145.9,189,0,22,56,7
362.6,944.7,755.8,164.9,189,0,11.6,56,7
337.9,944.7,755.8,174.9,189,0,9.5,56,5
374,926.1,756.7,170.1,189.2,0,10.1,91,6
313.3,1046.9,611.8,175.5,262.2,0,8.6,91,6
425,852.1,887.1,153.5,106.3,0,16.5,91,6
425,936,803.7,151.4,106.3,0,18.6,91,6
375,852.1,992.6,126.6,93.8,0,23.4,91,6
475,852.1,781.5,181.1,118.8,0,8.9,91,7
469,852.1,840.5,137.8,117.2,0,32.2,91,7
425,852.1,887.1,153.5,106.3,0,16.5,91,6
388.6,852.1,925.7,157.9,97.1,0,12.1,91,5
531.3,852.1,893.7,141.8,0,0,28.2,91,5
425,852.1,887.1,153.5,106.3,0,16.5,91,6
318.8,852.1,880.4,155.7,212.5,0,14.3,91,6
401.8,946.8,852.1,147.4,94.7,0,11.4,91,7
362.6,944.7,755.8,164.9,189,0,11.6,91,7
379.5,1134.3,605,153.9,151.2,0,15.9,91,5
362.6,944.7,755.8,164.9,189,0,11.6,91,7
286.3,1004.6,803.7,144.7,200.9,0,11.2,91,7
362.6,944.7,755.8,164.9,189,0,11.6,91,7
439,884.9,707.9,186,177,0,11.1,91,7
389.9,944.7,755.8,145.9,189,0,22,91,8
362.6,944.7,755.8,164.9,189,0,11.6,91,7
337.9,944.7,755.8,174.9,189,0,9.5,91,6
222.4,967.1,870.3,189.3,0,96.7,4.5,3,1
222.4,967.1,870.3,189.3,0,96.7,4.5,14,2
222.4,967.1,870.3,189.3,0,96.7,4.5,28,2
222.4,967.1,870.3,189.3,0,96.7,4.5,56,2
222.4,967.1,870.3,189.3,0,96.7,4.5,100,4
233.8,947,852.2,197.9,0,94.6,4.6,3,1
233.8,947,852.2,197.9,0,94.6,4.6,14,2
233.8,947,852.2,197.9,0,94.6,4.6,28,2
233.8,947,852.2,197.9,0,94.6,4.6,56,2
233.8,947,852.2,197.9,0,94.6,4.6,100,3
194.7,1006.4,905.9,165.6,0,100.5,7.5,3,1
194.7,1006.4,905.9,165.6,0,100.5,7.5,14,2
194.7,1006.4,905.9,165.6,0,100.5,7.5,28,2
194.7,1006.4,905.9,165.6,0,100.5,7.5,56,3
194.7,1006.4,905.9,165.6,0,100.5,7.5,100,3
190.7,1090,804,162.1,0,125.4,7.8,3,1
190.7,1090,804,162.1,0,125.4,7.8,14,2
190.7,1090,804,162.1,0,125.4,7.8,28,2
190.7,1090,804,162.1,0,125.4,7.8,56,3
190.7,1090,804,162.1,0,125.4,7.8,100,4
212.1,1057.6,779.3,180.3,0,121.6,5.7,3,1
212.1,1057.6,779.3,180.3,0,121.6,5.7,14,2
212.1,1057.6,779.3,180.3,0,121.6,5.7,28,2
212.1,1057.6,779.3,180.3,0,121.6,5.7,56,3
212.1,1057.6,779.3,180.3,0,121.6,5.7,100,3
230,1029.4,758.6,195.5,0,118.3,4.6,3,1
230,1029.4,758.6,195.5,0,118.3,4.6,14,2
230,1029.4,758.6,195.5,0,118.3,4.6,28,2
230,1029.4,758.6,195.5,0,118.3,4.6,56,3
230,1029.4,758.6,195.5,0,118.3,4.6,100,3
190.3,1088.1,802.6,161.9,0,125.2,9.9,3,0
190.3,1088.1,802.6,161.9,0,125.2,9.9,14,2
190.3,1088.1,802.6,161.9,0,125.2,9.9,28,2
190.3,1088.1,802.6,161.9,0,125.2,9.9,56,3
190.3,1088.1,802.6,161.9,0,125.2,9.9,100,4
166.1,1058.6,780.1,176.5,0,163.3,4.5,3,1
166.1,1058.6,780.1,176.5,0,163.3,4.5,14,2
166.1,1058.6,780.1,176.5,0,163.3,4.5,28,2
166.1,1058.6,780.1,176.5,0,163.3,4.5,56,2
166.1,1058.6,780.1,176.5,0,163.3,4.5,100,3
168,1058.7,780.1,121.8,42.1,163.8,5.7,3,0
168,1058.7,780.1,121.8,42.1,163.8,5.7,14,1
168,1058.7,780.1,121.8,42.1,163.8,5.7,28,2
168,1058.7,780.1,121.8,42.1,163.8,5.7,56,3
168,1058.7,780.1,121.8,42.1,163.8,5.7,100,3
213.7,1065.8,785.4,181.7,98.1,24.5,6.9,3,1
213.7,1065.8,785.4,181.7,98.1,24.5,6.9,14,3
213.7,1065.8,785.4,181.7,98.1,24.5,6.9,28,4
213.7,1065.8,785.4,181.7,98.1,24.5,6.9,56,5
213.7,1065.8,785.4,181.7,98.1,24.5,6.9,100,5
213.8,1066,785.5,181.7,98.1,24.5,6.7,3,1
213.8,1066,785.5,181.7,98.1,24.5,6.7,14,1
213.8,1066,785.5,181.7,98.1,24.5,6.7,28,4
213.8,1066,785.5,181.7,98.1,24.5,6.7,56,4
213.8,1066,785.5,181.7,98.1,24.5,6.7,100,4
229.7,1028.1,757.6,195.2,0,118.2,6.1,3,1
229.7,1028.1,757.6,195.2,0,118.2,6.1,14,2
229.7,1028.1,757.6,195.2,0,118.2,6.1,28,2
229.7,1028.1,757.6,195.2,0,118.2,6.1,56,3
229.7,1028.1,757.6,195.2,0,118.2,6.1,100,4
238.1,949.9,847,186.7,0,94.1,7,3,1
238.1,949.9,847,186.7,0,94.1,7,14,2
238.1,949.9,847,186.7,0,94.1,7,28,3
238.1,949.9,847,186.7,0,94.1,7,56,3
238.1,949.9,847,186.7,0,94.1,7,100,4
250,956.9,861.2,187.4,0,95.7,5.5,3,1
250,956.9,861.2,187.4,0,95.7,5.5,14,2
250,956.9,861.2,187.4,0,95.7,5.5,28,2
250,956.9,861.2,187.4,0,95.7,5.5,56,3
250,956.9,861.2,187.4,0,95.7,5.5,100,4
212.5,1007.8,903.6,159.3,0,100.4,8.7,3,1
212.5,1007.8,903.6,159.3,0,100.4,8.7,14,2
212.5,1007.8,903.6,159.3,0,100.4,8.7,28,3
212.5,1007.8,903.6,159.3,0,100.4,8.7,56,4
212.5,1007.8,903.6,159.3,0,100.4,8.7,100,4
212.6,1003.8,903.8,159.4,0,100.4,10.4,3,1
212.6,1003.8,903.8,159.4,0,100.4,10.4,14,2
212.6,1003.8,903.8,159.4,0,100.4,10.4,28,3
212.6,1003.8,903.8,159.4,0,100.4,10.4,56,4
212.6,1003.8,903.8,159.4,0,100.4,10.4,100,4
212,1085.4,799.5,159,0,124.8,7.8,3,1
212,1085.4,799.5,159,0,124.8,7.8,14,3
212,1085.4,799.5,159,0,124.8,7.8,28,3
212,1085.4,799.5,159,0,124.8,7.8,56,4
212,1085.4,799.5,159,0,124.8,7.8,100,4
231.8,1056.4,778.5,174,0,121.6,6.7,3,1
231.8,1056.4,778.5,174,0,121.6,6.7,14,2
231.8,1056.4,778.5,174,0,121.6,6.7,28,3
231.8,1056.4,778.5,174,0,121.6,6.7,56,4
231.8,1056.4,778.5,174,0,121.6,6.7,100,4
251.4,1028.4,757.7,188.5,0,118.3,5.8,3,1
251.4,1028.4,757.7,188.5,0,118.3,5.8,14,2
251.4,1028.4,757.7,188.5,0,118.3,5.8,28,2
251.4,1028.4,757.7,188.5,0,118.3,5.8,56,3
251.4,1028.4,757.7,188.5,0,118.3,5.8,100,4
251.4,1028.4,757.7,188.5,0,118.3,6.4,3,1
251.4,1028.4,757.7,188.5,0,118.3,6.4,14,2
251.4,1028.4,757.7,188.5,0,118.3,6.4,28,3
251.4,1028.4,757.7,188.5,0,118.3,6.4,56,3
251.4,1028.4,757.7,188.5,0,118.3,6.4,100,4
181.4,1055.6,777.8,169.6,0,167,7.6,3,1
181.4,1055.6,777.8,169.6,0,167,7.6,14,2
181.4,1055.6,777.8,169.6,0,167,7.6,28,2
181.4,1055.6,777.8,169.6,0,167,7.6,56,3
181.4,1055.6,777.8,169.6,0,167,7.6,100,4
182,1059.4,780.7,170.2,45.2,122,8.2,3,0
182,1059.4,780.7,170.2,45.2,122,8.2,14,2
182,1059.4,780.7,170.2,45.2,122,8.2,28,3
182,1059.4,780.7,170.2,45.2,122,8.2,56,4
182,1059.4,780.7,170.2,45.2,122,8.2,100,4
168.9,1080.8,796.2,158.3,42.2,124.3,10.8,3,0
168.9,1080.8,796.2,158.3,42.2,124.3,10.8,14,2
168.9,1080.8,796.2,158.3,42.2,124.3,10.8,28,3
168.9,1080.8,796.2,158.3,42.2,124.3,10.8,56,3
168.9,1080.8,796.2,158.3,42.2,124.3,10.8,100,4
290.4,961.2,865,168.1,0,96.2,9.4,3,2
290.4,961.2,865,168.1,0,96.2,9.4,14,3
290.4,961.2,865,168.1,0,96.2,9.4,28,3
290.4,961.2,865,168.1,0,96.2,9.4,56,4
290.4,961.2,865,168.1,0,96.2,9.4,100,4
277.1,973.9,875.6,160.6,0,97.4,11.8,3,2
277.1,973.9,875.6,160.6,0,97.4,11.8,14,4
277.1,973.9,875.6,160.6,0,97.4,11.8,28,4
277.1,973.9,875.6,160.6,0,97.4,11.8,56,5
277.1,973.9,875.6,160.6,0,97.4,11.8,100,5
295.7,955.1,859.2,171.5,0,95.6,8.9,3,2
295.7,955.1,859.2,171.5,0,95.6,8.9,14,3
295.7,955.1,859.2,171.5,0,95.6,8.9,28,3
295.7,955.1,859.2,171.5,0,95.6,8.9,56,4
295.7,955.1,859.2,171.5,0,95.6,8.9,100,5
251.8,1006,899.8,146.1,0,99.9,12.4,3,2
251.8,1006,899.8,146.1,0,99.9,12.4,14,3
251.8,1006,899.8,146.1,0,99.9,12.4,28,3
251.8,1006,899.8,146.1,0,99.9,12.4,56,4
251.8,1006,899.8,146.1,0,99.9,12.4,100,4
249.1,987.8,889,158.1,0,98.8,12.8,3,1
249.1,987.8,889,158.1,0,98.8,12.8,14,2
249.1,987.8,889,158.1,0,98.8,12.8,28,3
249.1,987.8,889,158.1,0,98.8,12.8,56,4
249.1,987.8,889,158.1,0,98.8,12.8,100,5
252.3,987.8,889,146.3,0,98.8,14.2,3,2
252.3,987.8,889,146.3,0,98.8,14.2,14,4
252.3,987.8,889,146.3,0,98.8,14.2,28,5
252.3,987.8,889,146.3,0,98.8,14.2,56,5
252.3,987.8,889,146.3,0,98.8,14.2,100,6
246.8,1086.8,800.9,143.3,0,125.1,12,3,2
246.8,1086.8,800.9,143.3,0,125.1,12,14,4
246.8,1086.8,800.9,143.3,0,125.1,12,28,5
246.8,1086.8,800.9,143.3,0,125.1,12,56,6
246.8,1086.8,800.9,143.3,0,125.1,12,100,6
275.1,1053.6,777.5,159.5,0,121.4,9.9,3,2
275.1,1053.6,777.5,159.5,0,121.4,9.9,14,3
275.1,1053.6,777.5,159.5,0,121.4,9.9,28,5
275.1,1053.6,777.5,159.5,0,121.4,9.9,56,5
275.1,1053.6,777.5,159.5,0,121.4,9.9,100,5
297.2,1022.8,753.5,174.8,0,117.5,9.5,3,2
297.2,1022.8,753.5,174.8,0,117.5,9.5,14,3
297.2,1022.8,753.5,174.8,0,117.5,9.5,28,4
297.2,1022.8,753.5,174.8,0,117.5,9.5,56,5
297.2,1022.8,753.5,174.8,0,117.5,9.5,100,5
213.7,1053.5,776.4,154.8,0,174.7,10.2,3,1
213.7,1053.5,776.4,154.8,0,174.7,10.2,14,3
213.7,1053.5,776.4,154.8,0,174.7,10.2,28,4
213.7,1053.5,776.4,154.8,0,174.7,10.2,56,4
213.7,1053.5,776.4,154.8,0,174.7,10.2,100,5
213.5,1052.3,775.5,154.6,0,174.2,11.7,3,1
213.5,1052.3,775.5,154.6,0,174.2,11.7,14,3
213.5,1052.3,775.5,154.6,0,174.2,11.7,28,4
213.5,1052.3,775.5,154.6,0,174.2,11.7,56,5
213.5,1052.3,775.5,154.6,0,174.2,11.7,100,5
277.2,1061.7,782.5,160.7,97.8,24.5,11.2,3,3
277.2,1061.7,782.5,160.7,97.8,24.5,11.2,14,4
277.2,1061.7,782.5,160.7,97.8,24.5,11.2,28,6
277.2,1061.7,782.5,160.7,97.8,24.5,11.2,56,6
277.2,1061.7,782.5,160.7,97.8,24.5,11.2,100,6
218.2,1075.7,792.7,140.8,54.6,123.8,11.9,3,2
218.2,1075.7,792.7,140.8,54.6,123.8,11.9,14,3
218.2,1075.7,792.7,140.8,54.6,123.8,11.9,28,5
218.2,1075.7,792.7,140.8,54.6,123.8,11.9,56,6
218.2,1075.7,792.7,140.8,54.6,123.8,11.9,100,6
214.9,1014.3,780.6,155.6,53.8,121.9,9.6,3,1
214.9,1014.3,780.6,155.6,53.8,121.9,9.6,14,3
214.9,1014.3,780.6,155.6,53.8,121.9,9.6,28,5
214.9,1014.3,780.6,155.6,53.8,121.9,9.6,56,5
214.9,1014.3,780.6,155.6,53.8,121.9,9.6,100,5
218.9,1078.7,794.9,158.5,0,124.1,11.3,3,1
218.9,1078.7,794.9,158.5,0,124.1,11.3,14,2
218.9,1078.7,794.9,158.5,0,124.1,11.3,28,3
218.9,1078.7,794.9,158.5,0,124.1,11.3,56,3
218.9,1078.7,794.9,158.5,0,124.1,11.3,100,4
376,1003.5,762.4,214.6,0,0,0,3,1
376,1003.5,762.4,214.6,0,0,0,14,2
376,1003.5,762.4,214.6,0,0,0,28,3
376,1003.5,762.4,214.6,0,0,0,56,3
376,1003.5,762.4,214.6,0,0,0,100,4
500,966,853,140,0,0,4,28,6
475,1098,641,142,0,59,1.9,28,5
315,1130,745,145,137,0,5.9,28,8
505,1030,630,195,0,60,0,28,6
451,1030,745,165,0,0,11.3,28,7
516,801,802,162,0,0,8.2,28,4
520,855,855,170,0,0,5.2,28,6
528,920,720,185,0,0,6.9,28,5
520,870,805,175,0,0,5.2,28,5
385,903,768,158,0,136,20,28,5
500.1,1124.4,613.2,200,0,0,3,28,4
450.1,1124.4,613.2,200,50,0,3,28,3
397,967,633,167,17.2,158,20.8,28,5
333,996,652,167,17.5,163,17.9,28,4
334,967,633,189,17.6,158,15.3,28,4
405,1120,695,175,0,0,0,28,5
200,1145,660,190,200,0,0,28,4
516,801,802,162,0,0,8.3,28,4
145,833,880,184,116,119,5.7,28,2
160,824,879,182,128,122,6.4,28,3
234,981,760,189,156,0,5.9,28,3
250,860,800,159,180,95,9.5,28,6
475,1044,662,162,0,0,9.5,28,5
285,1031,685,163,190,0,7.6,28,5
356,1061,657,160,119,0,9,28,5
275,830,765,162,180,120,10.4,28,7
500,1033,655,151,0,0,9,28,6
165,1005.6,900.9,163.8,0,143.6,0,3,1
165,1005.8,746.6,175.1,128.5,132.1,8.1,3,1
178,1007.3,746.8,179.9,129.8,118.6,3.6,3,2
167.4,1006.3,746.6,175.5,129.9,128.6,7.8,3,1
172.4,1006.3,856.4,156.8,13.6,172.4,4.1,3,2
173.5,1006.2,793.5,164.8,50.1,173.5,6.5,3,2
167,1007.3,770.1,164,75.4,167,7.9,3,1
173.8,1007.2,746.6,172.3,93.4,159.9,9.7,3,1
190.3,1079,798.9,166.6,0,125.2,9.9,3,1
250,948.9,857.2,191.8,0,95.7,5.3,3,0
213.5,1043.6,771.9,159.2,0,174.2,11.7,3,1
194.7,998,901.8,170.2,0,100.5,7.5,3,1
251.4,1043.6,754.3,192.9,0,118.3,5.8,3,1
165,1005.6,900.9,163.8,0,143.6,0,14,1
165,1005.8,746.6,175.1,128.5,132.1,8.1,14,3
178,1007.3,746.8,179.9,129.8,118.6,3.6,14,3
167.4,1006.3,746.6,175.5,129.9,128.6,7.8,14,3
172.4,1006.3,856.4,156.8,13.6,172.4,4.1,14,2
173.5,1006.2,793.5,164.8,50.1,173.5,6.5,14,3
167,1007.3,770.1,164,75.4,167,7.9,14,3
173.8,1007.2,746.6,172.3,93.4,159.9,9.7,14,2
190.3,1079,798.9,166.6,0,125.2,9.9,14,1
250,948.9,857.2,191.8,0,95.7,5.3,14,2
213.5,1043.6,771.9,159.2,0,174.2,11.7,14,2
194.7,998,901.8,170.2,0,100.5,7.5,14,2
251.4,1043.6,754.3,192.9,0,118.3,5.8,14,2
165,1005.6,900.9,163.8,0,143.6,0,28,2
165,1005.8,746.6,175.1,128.5,132.1,8.1,28,4
178,1007.3,746.8,179.9,129.8,118.6,3.6,28,3
167.4,1006.3,746.6,175.5,129.9,128.6,7.8,28,4
172.4,1006.3,856.4,156.8,13.6,172.4,4.1,28,3
173.5,1006.2,793.5,164.8,50.1,173.5,6.5,28,3
167,1007.3,770.1,164,75.4,167,7.9,28,4
173.8,1007.2,746.6,172.3,93.4,159.9,9.7,28,3
190.3,1079,798.9,166.6,0,125.2,9.9,28,2
250,948.9,857.2,191.8,0,95.7,5.3,28,2
213.5,1043.6,771.9,159.2,0,174.2,11.7,28,4
194.7,998,901.8,170.2,0,100.5,7.5,28,3
251.4,1043.6,754.3,192.9,0,118.3,5.8,28,3
165,1005.6,900.9,163.8,0,143.6,0,56,3
165,1005.8,746.6,175.1,128.5,132.1,8.1,56,5
178,1007.3,746.8,179.9,129.8,118.6,3.6,56,4
167.4,1006.3,746.6,175.5,129.9,128.6,7.8,56,5
172.4,1006.3,856.4,156.8,13.6,172.4,4.1,56,3
173.5,1006.2,793.5,164.8,50.1,173.5,6.5,56,5
167,1007.3,770.1,164,75.4,167,7.9,56,5
173.8,1007.2,746.6,172.3,93.4,159.9,9.7,56,4
190.3,1079,798.9,166.6,0,125.2,9.9,56,3
250,948.9,857.2,191.8,0,95.7,5.3,56,3
213.5,1043.6,771.9,159.2,0,174.2,11.7,56,5
194.7,998,901.8,170.2,0,100.5,7.5,56,4
251.4,1043.6,754.3,192.9,0,118.3,5.8,56,3
165,1005.6,900.9,163.8,0,143.6,0,100,3
165,1005.8,746.6,175.1,128.5,132.1,8.1,100,5
178,1007.3,746.8,179.9,129.8,118.6,3.6,100,4
167.4,1006.3,746.6,175.5,129.9,128.6,7.8,100,5
172.4,1006.3,856.4,156.8,13.6,172.4,4.1,100,3
173.5,1006.2,793.5,164.8,50.1,173.5,6.5,100,5
167,1007.3,770.1,164,75.4,167,7.9,100,5
173.8,1007.2,746.6,172.3,93.4,159.9,9.7,100,5
190.3,1079,798.9,166.6,0,125.2,9.9,100,3
250,948.9,857.2,191.8,0,95.7,5.3,100,4
213.5,1043.6,771.9,159.2,0,174.2,11.7,100,5
194.7,998,901.8,170.2,0,100.5,7.5,100,4
251.4,1043.6,754.3,192.9,0,118.3,5.8,100,4
446,967,712,162,24,79,11.6,28,5
446,967,712,162,24,79,11.6,28,4
446,967,712,162,24,79,11.6,28,5
446,967,712,162,24,79,10.3,28,5
446,967,712,162,24,79,11.6,3,3
446,967,712,162,24,79,11.6,3,2
446,967,712,162,24,79,11.6,3,2
446,967,712,162,24,79,11.6,7,5
446,967,712,162,24,79,11.6,7,3
446,967,712,162,24,79,11.6,7,3
446,967,712,162,24,79,11.6,56,6
446,967,712,162,24,79,11.6,56,5
446,967,712,162,24,79,11.6,56,5
446,967,712,162,24,79,10.3,56,5
387,938,845,157,20,94,14.3,28,5
387,938,845,157,20,94,13.9,28,4
387,938,845,157,20,94,11.6,28,4
387,938,845,157,20,94,14.3,3,2
387,938,845,157,20,94,13.9,3,2
387,938,845,157,20,94,11.6,3,3
387,938,845,157,20,94,14.3,7,3
387,938,845,157,20,94,13.9,7,4
387,938,845,157,20,94,11.6,7,4
387,938,845,157,20,94,14.3,56,5
387,938,845,157,20,94,13.9,56,4
387,938,845,157,20,94,11.6,56,6
355,967,871,145,19,97,13.1,28,4
355,967,871,145,19,97,12.3,28,5
491,882,699,210,26,123,3.9,28,5
491,822,699,201,26,123,3.9,28,5
491,882,699,210,26,123,3.9,3,2
491,882,699,210,26,123,3.9,7,3
491,882,699,210,26,123,3.9,56,5
491,822,699,201,26,123,3.9,3,2
491,822,699,201,26,123,3.9,7,3
491,822,699,201,26,123,3.9,56,6
424,822,750,178,22,132,8.5,28,6
424,882,750,178,22,132,8.5,3,3
424,822,750,168,22,132,8.9,28,7
424,822,750,178,22,132,8.5,7,3
424,822,750,178,22,132,8.5,56,6
424,822,750,168,22,132,8.9,3,3
424,822,750,168,22,132,8.9,7,4
424,822,750,168,22,132,8.9,56,7
202,942,801,206,11,141,1.7,28,2
202,942,801,206,11,141,1.7,3,0
202,942,801,206,11,141,1.7,7,1
202,942,801,206,11,141,1.7,56,2
284,842,801,179,15,141,5.5,28,4
284,842,801,179,15,141,5.5,3,1
284,842,801,179,15,141,5.5,7,2
284,842,801,179,15,141,5.5,56,4
359,942,801,154,19,141,10.9,28,6
359,942,801,154,19,141,10.9,28,5
359,942,801,154,19,141,10.9,3,2
359,942,801,154,19,141,10.9,3,2
359,942,801,154,19,141,10.9,7,3
359,942,801,154,19,141,10.9,7,3
359,942,801,154,19,141,10.9,56,6
359,942,801,154,19,141,10.9,56,6
436,838.4,719.7,218,0,0,0,28,2
289,913.2,895.3,192,0,0,0,90,3
289,913.2,895.3,192,0,0,0,3,1
393,940.6,785.6,192,0,0,0,3,1
393,940.6,785.6,192,0,0,0,90,4
393,940.6,785.6,192,0,0,0,28,3
480,936.2,712.2,192,0,0,0,28,4
480,936.2,712.2,192,0,0,0,7,3
480,936.2,712.2,192,0,0,0,90,5
480,936.2,712.2,192,0,0,0,3,2
333,931.2,842.6,192,0,0,0,3,1
255,889.8,945,192,0,0,0,90,2
255,889.8,945,192,0,0,0,7,1
289,913.2,895.3,192,0,0,0,7,1
255,889.8,945,192,0,0,0,28,1
333,931.2,842.6,192,0,0,0,28,3
333,931.2,842.6,192,0,0,0,7,2
289,913.2,895.3,192,0,0,0,28,2
333,931.2,842.6,192,0,0,0,90,4
393,940.6,785.6,192,0,0,0,7,2
255,889.8,945,192,0,0,0,3,0
158.8,1040.6,734.3,185.7,238.2,0,0,7,0
239.6,941.6,664.3,185.7,359.4,0,0,7,2
238.2,1040.6,734.3,185.7,158.8,0,0,7,1
181.9,1012.4,714.3,185.7,272.8,0,0,28,2
193.5,998.2,704.3,185.7,290.2,0,0,28,3
255.5,1026.6,724.3,185.7,170.3,0,0,7,1
272.8,1012.4,714.3,185.7,181.9,0,0,7,1
239.6,941.6,664.3,185.7,359.4,0,0,28,3
220.8,1055,744.3,185.7,147.2,0,0,28,2
397,1040.6,734.3,185.7,0,0,0,28,3
382.5,1047.8,739.3,185.7,0,0,0,7,2
210.7,977,689.3,185.7,316.1,0,0,7,2
158.8,1040.6,734.3,185.7,238.2,0,0,28,2
295.8,1091.4,769.3,185.7,0,0,0,7,1
255.5,1026.6,724.3,185.7,170.3,0,0,28,3
203.5,1076.2,759.3,185.7,135.7,0,0,7,1
397,1040.6,734.3,185.7,0,0,0,7,2
381.4,1104.6,784.3,185.7,0,0,0,28,2
295.8,1091.4,769.3,185.7,0,0,0,28,2
228,955.8,674.3,185.7,342.1,0,0,28,3
220.8,1055,744.3,185.7,147.2,0,0,7,1
316.1,977,689.3,185.7,210.7,0,0,28,3
135.7,1076.2,759.3,185.7,203.5,0,0,7,0
238.1,1118.8,789.3,185.7,0,0,0,28,1
339.2,1069.2,754.3,185.7,0,0,0,7,2
135.7,1076.2,759.3,185.7,203.5,0,0,28,1
193.5,998.2,704.3,185.7,290.2,0,0,7,1
203.5,1076.2,759.3,185.7,135.7,0,0,28,2
290.2,998.2,704.3,185.7,193.5,0,0,7,2
181.9,1012.4,714.3,185.7,272.8,0,0,7,1
170.3,1026.6,724.3,185.7,155.5,0,0,28,2
210.7,977,689.3,185.7,316.1,0,0,28,3
228,955.8,674.3,185.7,342.1,0,0,7,2
290.2,998.2,704.3,185.7,193.5,0,0,28,3
381.4,1104.6,784.3,185.7,0,0,0,7,1
238.2,1040.6,734.3,185.7,158.8,0,0,28,2
186.2,1083.4,764.3,185.7,124.1,0,0,7,0
339.2,1069.2,754.3,185.7,0,0,0,28,3
238.1,1118.8,789.3,185.7,0,0,0,7,1
252.5,1111.6,784.3,185.7,0,0,0,28,1
382.5,1047.8,739.3,185.7,0,0,0,28,3
252.5,1111.6,784.3,185.7,0,0,0,7,1
316.1,977,689.3,185.7,210.7,0,0,7,2
186.2,1083.4,764.3,185.7,124.1,0,0,28,1
170.3,1026.6,724.3,185.7,155.5,0,0,7,1
272.8,1012.4,714.3,185.7,181.9,0,0,28,3
339,968,781,197,0,0,0,3,1
339,968,781,197,0,0,0,7,2
339,968,781,197,0,0,0,14,2
339,968,781,197,0,0,0,28,3
339,968,781,197,0,0,0,90,3
339,968,781,197,0,0,0,180,3
339,968,781,197,0,0,0,365,3
236,968,885,194,0,0,0,3,0
236,968,885,194,0,0,0,14,1
236,968,885,194,0,0,0,28,1
236,968,885,194,0,0,0,90,2
236,968,885,193,0,0,0,180,2
236,968,885,193,0,0,0,365,2
277,968,856,191,0,0,0,14,2
277,968,856,191,0,0,0,28,2
277,968,856,191,0,0,0,3,1
277,968,856,191,0,0,0,90,3
277,968,856,191,0,0,0,180,3
277,968,856,191,0,0,0,360,3
254,968,863,198,0,0,0,3,0
254,968,863,198,0,0,0,90,2
254,968,863,198,0,0,0,180,2
254,968,863,198,0,0,0,365,2
307,968,812,193,0,0,0,180,3
307,968,812,193,0,0,0,365,3
307,968,812,193,0,0,0,3,1
307,968,812,193,0,0,0,28,2
307,968,812,193,0,0,0,90,3
236,968,885,193,0,0,0,7,0
200,1125,845,180,0,0,0,7,0
200,1125,845,180,0,0,0,28,1
225,1113,833,181,0,0,0,7,1
225,1113,833,181,0,0,0,28,1
325,1063,783,184,0,0,0,7,1
325,1063,783,184,0,0,0,28,3
275,1088,808,183,0,0,0,7,1
275,1088,808,183,0,0,0,28,2
300,1075,795,184,0,0,0,7,1
300,1075,795,184,0,0,0,28,2
375,1038,758,186,0,0,0,7,2
375,1038,758,186,0,0,0,28,3
400,1025,745,187,0,0,0,28,4
400,1025,745,187,0,0,0,7,3
250,1100,820,182,0,0,0,7,1
250,1100,820,182,0,0,0,28,2
350,1050,770,186,0,0,0,7,2
350,1050,770,186,0,0,0,28,3
203.5,963.4,630,203.5,305.3,0,0,7,1
250.2,977.6,694.1,203.5,166.8,0,0,90,4
157,935.4,781.2,192,236,0,0,90,4
141.3,971.8,748.5,203.5,212,0,0,28,2
166.8,975.6,692.6,203.5,250.2,0,0,3,0
122.6,958.2,800.1,203.5,183.9,0,0,90,3
183.9,959.2,800,203.5,122.6,0,0,3,0
102,887,942,192,153,0,0,3,0
102,887,942,192,153,0,0,90,2
122.6,958.2,800.1,203.5,183.9,0,0,28,2
166.8,975.6,692.6,203.5,250.2,0,0,28,3
200,965.4,806.2,192,133,0,0,3,1
108.3,938.2,849,203.5,162.4,0,0,28,2
305.3,965.4,631,203.5,203.5,0,0,7,2
108.3,938.2,849,203.5,162.4,0,0,90,2
116,909.8,891.9,192,173,0,0,90,3
141.3,971.8,748.5,203.5,212,0,0,7,1
157,935.4,781.2,192,236,0,0,28,3
133,927.4,839.2,192,200,0,0,28,2
250.2,977.6,694.1,203.5,166.8,0,0,7,1
173,946.8,856.8,192,116,0,0,7,1
192,929.8,716.1,192,288,0,0,3,1
192,929.8,716.1,192,288,0,0,28,3
153,888,943.1,192,102,0,0,3,0
288,932,717.8,192,192,0,0,3,1
305.3,965.4,631,203.5,203.5,0,0,28,4
236,972.6,749.1,192,157,0,0,7,2
173,946.8,856.8,192,116,0,0,3,0
212,973.4,750,203.5,141.3,0,0,7,1
236,972.6,749.1,192,157,0,0,3,1
183.9,959.2,800,203.5,122.6,0,0,90,3
166.8,975.6,692.6,203.5,250.2,0,0,7,1
102,887,942,192,153,0,0,7,0
288,932,717.8,192,192,0,0,28,3
212,973.4,750,203.5,141.3,0,0,28,3
102,887,942,192,153,0,0,28,1
173,946.8,856.8,192,116,0,0,28,2
183.9,959.2,800,203.5,122.6,0,0,28,2
133,927.4,839.2,192,200,0,0,90,3
192,929.8,716.1,192,288,0,0,90,5
133,927.4,839.2,192,200,0,0,7,1
305.3,965.4,631,203.5,203.5,0,0,3,1
236,972.6,749.1,192,157,0,0,90,4
108.3,938.2,849,203.5,162.4,0,0,3,0
157,935.4,781.2,192,236,0,0,7,1
288,932,717.8,192,192,0,0,7,2
212,973.4,750,203.5,141.3,0,0,3,0
212,973.4,750,203.5,141.3,0,0,90,3
153,888,943.1,192,102,0,0,28,1
236,972.6,749.1,192,157,0,0,28,3
116,909.8,891.9,192,173,0,0,28,2
183.9,959.2,800,203.5,122.6,0,0,7,1
108.3,938.2,849,203.5,162.4,0,0,7,0
203.5,963.4,630,203.5,305.3,0,0,28,4
203.5,963.4,630,203.5,305.3,0,0,3,0
133,927.4,839.2,192,200,0,0,3,0
288,932,717.8,192,192,0,0,90,5
200,965.4,806.2,192,133,0,0,7,1
200,965.4,806.2,192,133,0,0,28,3
250.2,977.6,694.1,203.5,166.8,0,0,3,0
122.6,958.2,800.1,203.5,183.9,0,0,3,0
153,888,943.1,192,102,0,0,90,2
200,965.4,806.2,192,133,0,0,90,4
116,909.8,891.9,192,173,0,0,3,0
173,946.8,856.8,192,116,0,0,90,3
250.2,977.6,694.1,203.5,166.8,0,0,28,3
305.3,965.4,631,203.5,203.5,0,0,90,5
192,929.8,716.1,192,288,0,0,7,2
157,935.4,781.2,192,236,0,0,3,0
153,888,943.1,192,102,0,0,7,0
141.3,971.8,748.5,203.5,212,0,0,90,3
116,909.8,891.9,192,173,0,0,7,1
141.3,971.8,748.5,203.5,212,0,0,3,0
122.6,958.2,800.1,203.5,183.9,0,0,7,1
166.8,975.6,692.6,203.5,250.2,0,0,90,4
203.5,963.4,630,203.5,305.3,0,0,90,5
310,1012,830,192,0,0,0,3,1
310,1012,830,192,0,0,0,7,1
310,1012,830,192,0,0,0,28,2
310,1012,830,192,0,0,0,90,3
310,1012,830,192,0,0,0,120,3
331,1025,821,192,0,0,0,3,1
331,1025,821,192,0,0,0,7,1
331,1025,821,192,0,0,0,28,3
331,1025,821,192,0,0,0,90,3
331,1025,821,192,0,0,0,120,3
349,1056,809,192,0,0,0,3,1
349,1056,809,192,0,0,0,7,0
349,1056,809,192,0,0,0,28,3
349,1056,809,192,0,0,0,90,4
349,1056,809,192,0,0,0,120,4
238,1119,789,186,0,0,0,7,1
238,1119,789,186,0,0,0,28,1
296,1090,769,186,0,0,0,7,1
296,1090,769,186,0,0,0,28,2
297,1040,734,186,0,0,0,7,3
480,936,721,192,0,0,0,28,4
480,936,721,192,0,0,0,90,5
397,1040,734,186,0,0,0,28,3
281,1104,774,186,0,0,0,7,1
281,1104,774,185,0,0,0,28,2
500,1125,613,200,0,0,0,1,1
500,1125,613,200,0,0,0,3,2
500,1125,613,200,0,0,0,7,3
500,1125,613,200,0,0,0,14,3
500,1125,613,200,0,0,0,28,4
540,1125,613,173,0,0,0,7,5
540,1125,613,173,0,0,0,14,5
540,1125,613,173,0,0,0,28,6
540,1125,613,173,0,0,0,90,6
540,1125,613,173,0,0,0,180,7
540,1125,613,173,0,0,0,270,7
350,974,775,203,0,0,0,7,1
350,974,775,203,0,0,0,14,2
350,974,775,203,0,0,0,28,2
350,974,775,203,0,0,0,56,2
350,974,775,203,0,0,0,90,3
350,974,775,203,0,0,0,180,3
385,966,763,186,0,0,0,1,0
385,966,763,186,0,0,0,3,1
385,966,763,186,0,0,0,7,2
385,966,763,186,0,0,0,14,2
385,966,763,186,0,0,0,28,3
331,978,825,192,0,0,0,180,3
331,978,825,192,0,0,0,360,4
349,1047,806,192,0,0,0,3,1
331,978,825,192,0,0,0,3,1
382,1047,739,186,0,0,0,7,2
382,1047,739,186,0,0,0,28,3
382,1111,784,186,0,0,0,7,1
281,1104,774,186,0,0,0,28,2
339,1069,754,185,0,0,0,7,2
339,1069,754,185,0,0,0,28,3
295,1069,769,185,0,0,0,7,1
295,1069,769,185,0,0,0,28,2
238,1118,789,185,0,0,0,28,1
296,1085,765,192,0,0,0,7,1
296,1085,765,192,0,0,0,28,2
296,1085,765,192,0,0,0,90,2
331,879,825,192,0,0,0,3,1
331,978,825,192,0,0,0,7,1
331,978,825,192,0,0,0,28,3
331,978,825,192,0,0,0,90,3
349,1047,806,192,0,0,0,7,1
349,1047,806,192,0,0,0,28,3
349,1047,806,192,0,0,0,90,3
349,1047,806,192,0,0,0,180,4
349,1047,806,192,0,0,0,360,4
302,974,817,203,0,0,0,14,1
302,974,817,203,0,0,0,180,2
525,1125,613,189,0,0,0,180,6
500,1125,613,200,0,0,0,90,4
500,1125,613,200,0,0,0,180,5
500,1125,613,200,0,0,0,270,5
540,1125,613,173,0,0,0,3,4
252,1111,784,185,0,0,0,7,1
252,1111,784,185,0,0,0,28,1
339,1060,754,185,0,0,0,28,3
393,940,758,192,0,0,0,3,1
393,940,758,192,0,0,0,28,3
393,940,758,192,0,0,0,90,4
382,1047,739,185,0,0,0,7,2
382,1047,739,185,0,0,0,28,3
252,1111,784,186,0,0,0,7,1
252,1111,784,185,0,0,0,28,1
310,970,850,192,0,0,0,7,1
310,970,850,192,0,0,0,28,2
310,970,850,192,0,0,0,90,3
310,970,850,192,0,0,0,180,3
310,970,850,192,0,0,0,360,3
525,1125,613,189,0,0,0,3,3
525,1125,613,189,0,0,0,7,4
525,1125,613,189,0,0,0,14,4
525,1125,613,189,0,0,0,28,5
525,1125,613,189,0,0,0,90,5
525,1125,613,189,0,0,0,270,6
322,974,800,203,0,0,0,14,2
322,974,800,203,0,0,0,28,2
322,974,800,203,0,0,0,180,2
302,974,817,203,0,0,0,28,2
397,1040,734,185,0,0,0,28,3
480,936,721,192,0,0,0,3,2
522,896,896,146,0,0,0,7,5
522,896,896,146,0,0,0,28,7
273,904,680,210,105,82,9,28,3
162,838,741,179,190,148,19,28,3
154,923,658,220,144,112,10,28,1
147,860,829,202,115,89,9,28,1
152,944,695,168,178,139,18,28,3
310,914,651,168,143,111,22,28,3
144,943,844,158,0,175,18,28,1
304,895,722,214,140,0,6,28,3
374,1013,730,190,0,0,7,28,3
159,953,720,175,149,116,15,28,2
153,1002,684,200,239,0,6,28,2
310,914,804,168,143,0,10,28,4
305,959,705,196,0,100,10,28,3
151,991,772,167,0,184,12,28,1
142,883,785,174,167,130,11,28,4
298,878,655,201,137,107,6,28,5
321,870,774,190,164,0,5,28,5
366,824,757,191,187,0,7,28,6
280,825,805,172,129,100,9,28,5
252,835,821,194,97,76,8,28,3
165,1023,729,182,0,150,12,28,1
156,1022,698,180,243,0,11,28,3
160,829,710,203,188,146,11,28,3
298,879,815,186,0,107,6,28,4
318,861,737,210,0,126,6,28,4
287,904,696,188,121,94,9,28,4
326,882,790,174,166,0,9,28,6
356,801,778,193,0,142,11,28,4
132,867,736,179,207,161,5,28,3
322,951,709,186,149,0,8,28,5
164,849,846,181,0,200,13,28,1
314,925,783,170,0,113,10,28,3
321,870,780,182,0,128,11,28,3
140,869,656,237,164,128,6,28,3
288,908,829,177,121,0,7,28,4
298,880,744,210,0,107,11,28,3
265,833,790,195,111,86,6,28,4
160,1049,688,168,250,0,12,28,3
166,859,827,183,260,0,13,28,3
276,870,768,180,116,90,9,28,4
322,818,813,196,0,116,10,28,3
149,892,780,193,139,109,6,28,2
159,990,789,176,187,0,11,28,3
261,864,761,201,100,78,9,28,3
237,853,695,247,92,71,6,28,2
313,1002,689,178,0,113,8,28,3
155,1047,697,193,183,0,9,28,1
146,827,872,202,230,0,3,28,3
296,819,778,221,0,107,11,28,3
133,949,795,196,210,0,3,28,3
313,867,824,178,145,0,8,28,4
152,992,816,184,0,112,8,28,1
153,1002,689,178,145,113,8,28,2
140,916,753,200,133,103,7,28,3
149,847,893,176,236,0,13,28,3
300,878,728,212,0,120,10,28,2
153,867,824,178,145,113,8,28,2
148,1002,830,158,0,137,16,28,1
326,801,792,199,0,138,11,28,4
153,1000,822,178,145,0,8,28,1
262,895,733,195,111,86,5,28,3
158,898,713,220,0,195,11,28,0
151,1074,678,167,0,185,16,28,1
273,931,762,199,0,90,11,28,3
149,953,780,183,118,92,7,28,2
143,967,643,191,169,143,8,28,2
260,936,763,171,101,78,10,28,4
313,917,759,178,161,0,10,28,5
284,970,794,168,120,0,7,28,4
336,986,817,182,0,0,3,28,4
145,979,812,181,0,134,11,28,1
150,1069,675,174,237,0,12,28,3
144,814,805,192,170,133,8,28,2
331,811,802,195,170,0,8,28,5
155,1047,697,193,0,143,9,28,1
155,877,868,193,183,0,9,28,2
135,961,805,180,0,166,10,28,1
266,910,745,178,112,87,10,28,3
314,869,690,179,145,113,8,28,4
313,1000,822,127,145,0,8,28,4
146,986,817,182,173,0,3,28,2
144,941,774,178,136,106,7,28,2
148,839,884,181,0,182,15,28,1
277,946,666,191,117,91,7,28,4
298,953,784,164,0,107,13,28,3
313,1002,689,178,145,0,8,28,4
155,880,699,194,184,143,9,28,2
289,924,760,195,134,0,6,28,4
148,1000,828,171,175,0,2,28,2
145,824,869,202,0,179,8,28,1
313,1000,822,178,0,0,8,28,2
136,923,764,172,162,126,10,28,2
155,877,868,193,0,143,9,28,0
255,919,749,189,99,77,6,28,3
162,822,638,216,207,172,10,28,3
136,847,783,199,196,98,6,28,2
164,961,641,197,163,128,8,28,2
162,820,680,202,214,164,10,28,3
157,819,704,200,214,152,9,28,3
149,935,623,192,153,194,8,28,2
135,965,643,196,105,193,6,28,2
159,848,669,201,209,161,7,28,3
144,1021,709,176,15,195,6,28,1
154,845,612,228,174,185,7,28,2
167,898,636,185,187,195,7,28,2
184,923,623,213,86,190,6,28,2
156,854,614,221,178,187,7,28,2
236.9,852.9,695.4,246.9,91.7,71.5,6,28,2
313.3,1001.9,688.7,178.5,0,113,8,28,3
154.8,1047.4,696.7,193.3,183.4,0,9.1,28,1
145.9,827,871.8,202.5,230.5,0,3.4,28,3
296,819.2,778.4,221.4,0,106.7,10.5,28,3
133.1,949.4,795.3,195.7,210.2,0,3.1,28,2
313.3,867.2,824,178.5,145,0,8,28,4
151.6,992,815.9,184.4,0,111.9,7.9,28,1
153.1,1001.9,688.7,178.5,145,113,8,28,2
139.9,916,753.4,200.3,132.6,103.3,7.4,28,3
149.5,846.8,892.7,175.8,236,0,12.6,28,3
299.8,878.2,727.6,211.5,0,119.8,9.9,28,2
153.1,867.2,824,178.5,145,113,8,28,2
148.1,1001.8,830.1,158.1,0,136.6,16.1,28,1
326.5,801.1,792.5,199,0,137.9,10.8,28,3
152.7,999.7,822.2,178.1,144.7,0,8,28,1
261.9,895.2,732.6,195.4,110.5,86.1,5,28,3
158.4,897.7,712.9,219.7,0,194.9,11,28,0
150.7,1074.5,678,166.7,0,185.3,15.6,28,1
272.6,931.3,762.2,198.7,0,89.6,10.6,28,3
149,953.4,780.3,182.9,117.6,91.7,7.1,28,2
143,967.4,643.5,190.7,169.4,142.7,8.4,28,2
259.9,935.7,762.9,170.6,100.6,78.4,10.4,28,4
312.9,916.6,759.5,177.6,160.5,0,9.6,28,5
284,970.4,794.2,168.3,119.7,0,7.2,28,4
336.5,985.8,816.8,181.9,0,0,3.4,28,4
144.8,979.5,811.5,180.8,0,133.6,11.1,28,1
150,1069.3,674.8,173.8,236.8,0,11.9,28,3
143.7,814.1,805.3,191.6,170.2,132.6,8.5,28,2
330.5,811,802.3,194.9,169.6,0,8.1,28,5
154.8,1047.4,696.7,193.3,0,142.8,9.1,28,1
154.8,877.2,867.7,193.3,183.4,0,9.1,28,2
134.7,961,804.9,180.2,0,165.7,10,28,1
266.2,909.7,744.5,177.9,112.3,87.5,10.4,28,3
314,869.1,690.2,178.9,145.3,113.2,8,28,4
312.7,999.7,822.2,127.3,144.7,0,8,28,4
145.7,985.8,816.8,181.9,172.6,0,3.4,28,2
143.8,941.5,774.3,178.1,136.3,106.2,7.5,28,2
148.1,838.9,884.3,181.4,0,182.1,15,28,1
277,946.5,665.6,190.6,116.8,91,7,28,4
298.1,953.2,784,163.6,0,107.5,12.8,28,3
313.3,1001.9,688.7,178.5,145,0,8,28,4
155.2,879.6,698.5,193.8,183.9,143.2,9.2,28,2
289,924.1,760.1,194.9,133.7,0,5.5,28,4
147.8,1000,828.5,171.2,175.1,0,2.2,28,2
145.4,824,868.7,201.7,0,178.9,7.8,28,1
312.7,999.7,822.2,178.1,0,0,8,28,2
136.4,922.6,764.4,171.6,161.6,125.8,10.4,28,2
154.8,877.2,867.7,193.3,0,142.8,9.1,28,0
255.3,919,749.3,188.6,98.8,77,6.5,28,3
272.8,904,679.7,209.7,105.1,81.8,9,28,3
162,838.1,741.4,178.8,190.1,148.1,18.8,28,3
153.6,923.2,657.9,220.1,144.2,112.3,10.1,28,1
146.5,860,829.5,201.9,114.6,89.3,8.8,28,1
151.8,944,694.6,167.5,178.1,138.7,18.3,28,3
309.9,913.9,651.2,167.8,142.8,111.2,22.1,28,3
143.6,942.7,844.5,158.4,0,174.9,17.9,28,1
303.6,895.5,722.5,213.5,139.9,0,6.2,28,3
374.3,1013.2,730.4,190.2,0,0,6.7,28,3
158.6,953.3,719.7,175.1,148.9,116,15,28,2
152.6,1001.8,683.9,200,238.7,0,6.3,28,2
310,914.3,804,167.9,142.8,0,10,28,4
304.8,959.4,705.2,196,0,99.6,9.8,28,3
150.9,991.2,772.2,166.6,0,183.9,11.6,28,1
141.9,882.6,785.3,173.5,166.6,129.7,10.9,28,4
297.8,878.4,655.3,201.3,137.2,106.9,6,28,5
321.3,870,774,190.5,164.2,0,4.6,28,5
366,824.3,756.9,191.3,187,0,6.6,28,6
279.8,825.1,804.9,172.4,128.9,100.4,9.5,28,5
252.1,835.5,821.4,193.8,97.1,75.6,8.3,28,3
164.6,1023.3,728.9,181.6,0,150.4,11.7,28,1
155.6,1022,697.7,180.3,243.5,0,10.7,28,3
160.2,828.7,709.7,203.2,188,146.4,11.3,28,3
298.1,879,815.2,186.4,0,107,6.1,28,4
317.9,860.5,736.6,209.7,0,126.5,5.7,28,4
287.3,904.4,695.9,187.6,120.5,93.9,9.2,28,4
325.6,881.6,790,174,166.4,0,8.9,28,6
355.9,801.4,778.4,193.3,0,141.6,11,28,4
132,866.9,735.6,178.9,206.5,160.9,5.5,28,3
322.5,951,709.5,185.8,148.6,0,8.5,28,5
164.2,849.3,846,181.2,0,200.1,12.6,28,1
313.8,925.3,782.9,169.9,0,112.6,10.1,28,3
321.4,870.1,779.7,182.5,0,127.9,11.5,28,3
139.7,868.6,655.6,236.7,163.9,127.7,5.8,28,3
288.4,907.9,829.5,177.4,121,0,7,28,4
298.2,879.6,744.2,209.7,0,107,11.1,28,3
264.5,832.6,790.4,195.5,111,86.5,5.9,28,4
159.8,1049.3,688.2,168.4,250,0,12.2,28,3
166,858.8,826.8,183.2,259.7,0,12.7,28,3
276.4,870.1,768.3,179.6,116,90.3,8.9,28,4
322.2,817.9,813.4,196,0,115.6,10.4,28,3
148.5,892.4,780,192.7,139.4,108.6,6.1,28,2
159.1,989.6,788.9,175.6,186.7,0,11.3,28,3
260.9,864.5,761.5,200.6,100.5,78.3,8.6,28,3
